Run_Id,IP,User_Id,User_Login,Prob,Lang,Status,Score,Test
0,192.168.0.250,1,ejudge,A,python,Partial solution,0,0
1,192.168.0.250,1,ejudge,A,pypy3,OK,100,20
2,192.168.0.250,1,ejudge,B,pypy3,OK,100,20
3,192.168.0.250,1,ejudge,C,pypy3,OK,100,20
4,192.168.0.250,1,ejudge,D,pypy3,OK,100,20
5,192.168.0.250,1,ejudge,E,javac,Partial solution,0,0
6,192.168.0.250,1,ejudge,E,javac7,Partial solution,0,0
7,192.168.0.250,1,ejudge,E,g++,Partial solution,0,0
8,192.168.0.250,1,ejudge,E,g++,Partial solution,0,0
9,192.168.0.253,464,user_ifm_15,A,pypy3,OK,100,20
10,192.168.0.250,456,user_ifm_7,A,g++,OK,100,20
11,192.168.0.250,456,user_ifm_7,B,g++,OK,100,20
12,192.168.0.253,460,user_ifm_11,A,python3,OK,100,20
13,192.168.0.11,463,user_ifm_14,A,g++,OK,100,20
14,192.168.0.11,463,user_ifm_14,B,g++,Partial solution,45,9
15,192.168.0.250,450,user_ifm_1,A,g++,OK,100,20
16,192.168.0.250,450,user_ifm_1,B,g++,OK,100,20
17,192.168.0.250,453,user_ifm_4,A,g++,OK,100,20
18,192.168.0.3,462,user_ifm_13,A,g++,OK,100,20
19,192.168.0.253,455,user_ifm_6,A,g++,OK,100,20
20,192.168.0.200,1,ejudge,E,g++,Partial solution,0,0
21,192.168.0.8,457,user_ifm_8,A,python3,OK,100,20
22,192.168.0.13,474,user_ifm_25,A,g++,OK,100,20
23,192.168.0.21,450,user_ifm_1,C,g++,OK,100,20
24,192.168.0.253,472,user_ifm_23,A,pypy3,OK,100,20
25,192.168.0.13,474,user_ifm_25,B,g++,OK,100,20
26,192.168.0.253,455,user_ifm_6,B,g++,Partial solution,25,5
27,192.168.0.13,474,user_ifm_25,C,g++,OK,100,20
28,192.168.0.8,457,user_ifm_8,B,python3,Partial solution,65,13
29,192.168.0.191,465,user_ifm_16,A,g++,OK,100,20
30,192.168.0.250,453,user_ifm_4,B,g++,Partial solution,0,0
31,192.168.0.253,455,user_ifm_6,C,g++,Partial solution,15,3
32,192.168.0.11,463,user_ifm_14,B,g++,Partial solution,80,16
33,192.168.0.191,465,user_ifm_16,B,g++,Partial solution,45,9
34,192.168.0.253,473,user_ifm_24,A,g++,OK,100,20
35,192.168.0.250,452,user_ifm_3,A,g++,OK,100,20
36,192.168.0.9,470,user_ifm_21,A,g++,Partial solution,50,10
37,192.168.0.7,475,user_ifm_26,A,python3,OK,100,20
38,192.168.0.253,459,user_ifm_10,B,g++,OK,100,20
39,192.168.0.250,453,user_ifm_4,B,g++,Partial solution,0,0
40,192.168.0.253,473,user_ifm_24,B,g++,Partial solution,0,0
41,192.168.0.253,469,user_ifm_20,A,g++,OK,100,20
42,192.168.0.20,480,user_ifm_31,A,python3,Partial solution,0,0
43,192.168.0.253,466,user_ifm_17,A,g++,OK,100,20
44,192.168.0.253,461,user_ifm_12,A,g++,OK,100,20
45,192.168.0.7,475,user_ifm_26,B,python3,Partial solution,55,11
46,192.168.0.253,459,user_ifm_10,A,g++,OK,100,20
47,192.168.0.6,471,user_ifm_22,A,python3,Partial solution,55,11
48,192.168.0.250,1,ejudge,E,g++,OK,100,3
49,192.168.0.253,451,user_ifm_2,A,g++,OK,100,20
50,192.168.0.250,452,user_ifm_3,B,g++,Partial solution,0,0
51,192.168.0.253,466,user_ifm_17,B,g++,Partial solution,85,17
52,192.168.0.253,469,user_ifm_20,B,g++,Partial solution,0,0
53,192.168.0.253,458,user_ifm_9,A,g++,OK,100,20
54,192.168.0.6,471,user_ifm_22,B,g++,Partial solution,75,15
55,192.168.0.3,462,user_ifm_13,B,g++,OK,100,20
56,192.168.0.250,453,user_ifm_4,C,g++,Partial solution,0,0
57,192.168.0.253,461,user_ifm_12,B,g++,Partial solution,0,0
58,192.168.0.253,458,user_ifm_9,B,g++,Partial solution,20,4
59,192.168.0.253,479,user_ifm_30,A,g++,OK,100,20
60,192.168.0.253,473,user_ifm_24,B,g++,Partial solution,85,17
61,192.168.0.250,452,user_ifm_3,B,g++,Partial solution,5,1
62,192.168.0.245,454,user_ifm_5,A,g++,OK,100,20
63,192.168.0.253,455,user_ifm_6,C,g++,Partial solution,0,0
64,192.168.0.253,455,user_ifm_6,B,g++,Partial solution,55,11
65,192.168.0.20,480,user_ifm_31,A,python3,OK,100,20
66,192.168.0.20,480,user_ifm_31,B,python3,Partial solution,65,13
67,192.168.0.253,472,user_ifm_23,B,pypy3,Partial solution,0,0
68,192.168.0.191,465,user_ifm_16,B,g++,Partial solution,55,11
69,192.168.0.253,458,user_ifm_9,B,g++,Partial solution,35,7
70,192.168.0.253,473,user_ifm_24,B,g++,OK,100,20
71,192.168.0.253,455,user_ifm_6,B,g++,Partial solution,45,9
72,192.168.0.245,454,user_ifm_5,B,g++,Partial solution,85,17
73,192.168.0.250,453,user_ifm_4,B,g++,Partial solution,5,1
74,192.168.0.253,461,user_ifm_12,B,g++,Partial solution,0,0
75,192.168.0.9,470,user_ifm_21,A,g++,Partial solution,50,10
76,192.168.0.253,451,user_ifm_2,C,g++,Partial solution,10,2
77,192.168.0.191,465,user_ifm_16,C,g++,Partial solution,0,0
78,192.168.0.6,471,user_ifm_22,A,python3,OK,100,20
79,192.168.0.191,465,user_ifm_16,B,g++,Partial solution,55,11
80,192.168.0.250,456,user_ifm_7,C,g++,Partial solution,30,6
81,192.168.0.253,468,user_ifm_19,A,g++,Partial solution,0,0
82,192.168.0.253,458,user_ifm_9,B,g++,Partial solution,35,7
83,192.168.0.253,460,user_ifm_11,B,python3,Partial solution,5,1
84,192.168.0.253,468,user_ifm_19,B,g++,Partial solution,5,1
85,192.168.0.253,460,user_ifm_11,C,python3,Partial solution,0,0
86,192.168.0.250,453,user_ifm_4,B,g++,Partial solution,0,0
87,192.168.0.250,467,user_ifm_18,A,g++,OK,100,20
88,192.168.0.253,460,user_ifm_11,C,python3,Partial solution,0,0
89,192.168.0.250,453,user_ifm_4,B,g++,Partial solution,5,1
90,192.168.0.6,471,user_ifm_22,B,g++,Partial solution,75,15
91,192.168.0.253,473,user_ifm_24,E,g++,Partial solution,0,0
92,192.168.0.253,464,user_ifm_15,B,pypy3,Partial solution,55,11
93,192.168.0.250,453,user_ifm_4,B,g++,Partial solution,0,0
94,192.168.0.250,453,user_ifm_4,B,g++,Partial solution,5,1
95,192.168.0.191,465,user_ifm_16,B,g++,Partial solution,55,11
96,192.168.0.253,464,user_ifm_15,B,pypy3,Partial solution,55,11
97,192.168.0.253,473,user_ifm_24,C,g++,Partial solution,0,0
98,192.168.0.253,469,user_ifm_20,B,g++,Partial solution,0,0
99,192.168.0.253,451,user_ifm_2,C,g++,Partial solution,15,3
100,192.168.0.253,473,user_ifm_24,C,g++,Partial solution,0,0
101,192.168.0.191,465,user_ifm_16,B,g++,OK,100,20
102,192.168.0.253,472,user_ifm_23,D,pypy3,Partial solution,0,0
103,192.168.0.253,473,user_ifm_24,C,g++,Partial solution,5,1
104,192.168.0.253,473,user_ifm_24,C,g++,Partial solution,0,0
105,192.168.0.253,473,user_ifm_24,C,g++,Partial solution,0,0
106,192.168.0.253,455,user_ifm_6,B,g++,OK,100,20
107,192.168.0.253,473,user_ifm_24,C,g++,Partial solution,0,0
108,192.168.0.253,473,user_ifm_24,C,g++,Partial solution,5,1
109,192.168.0.3,462,user_ifm_13,C,g++,Partial solution,30,6
110,192.168.0.20,480,user_ifm_31,B,g++,Partial solution,0,0
111,192.168.0.3,462,user_ifm_13,C,g++,Partial solution,65,13
112,192.168.0.11,463,user_ifm_14,C,g++,Partial solution,10,2
113,192.168.0.253,472,user_ifm_23,B,pypy3,Partial solution,35,7
114,192.168.0.253,468,user_ifm_19,A,g++,Partial solution,50,10
115,192.168.0.253,464,user_ifm_15,C,pypy3,Partial solution,0,0
116,192.168.0.191,465,user_ifm_16,C,g++,Partial solution,25,5
117,192.168.0.11,463,user_ifm_14,D,g++,Partial solution,0,0
118,192.168.0.20,480,user_ifm_31,B,gcc,Compilation error,-1,0
119,192.168.0.253,472,user_ifm_23,D,pypy3,Partial solution,20,4
120,192.168.0.253,464,user_ifm_15,B,pypy3,Partial solution,60,12
121,192.168.0.250,453,user_ifm_4,B,g++,Partial solution,5,1
122,192.168.0.11,463,user_ifm_14,D,g++,Partial solution,0,0
123,192.168.0.6,471,user_ifm_22,B,g++,Partial solution,10,2
124,192.168.0.253,458,user_ifm_9,B,g++,Partial solution,20,4
125,192.168.0.253,466,user_ifm_17,B,g++,Partial solution,0,0
126,192.168.0.253,472,user_ifm_23,B,pypy3,Partial solution,75,15
127,192.168.0.6,471,user_ifm_22,B,g++,Partial solution,75,15
128,192.168.0.253,458,user_ifm_9,B,g++,Partial solution,35,7
129,192.168.0.253,473,user_ifm_24,E,g++,Partial solution,0,0
130,192.168.0.253,473,user_ifm_24,E,g++,Partial solution,0,0
131,192.168.0.253,473,user_ifm_24,E,g++,Partial solution,0,0
132,192.168.0.13,474,user_ifm_25,D,g++,OK,100,20
133,192.168.0.6,471,user_ifm_22,B,g++,Partial solution,5,1
134,192.168.0.20,480,user_ifm_31,B,gcc,Compilation error,-1,0
135,192.168.0.20,480,user_ifm_31,B,g++,Partial solution,85,17
136,192.168.0.6,471,user_ifm_22,B,g++,Compilation error,-1,0
137,192.168.0.6,471,user_ifm_22,B,g++,Partial solution,75,15
138,192.168.0.253,473,user_ifm_24,C,g++,Partial solution,0,0
139,192.168.0.253,469,user_ifm_20,B,g++,Partial solution,65,13
140,192.168.0.253,466,user_ifm_17,B,g++,Partial solution,85,17
141,192.168.0.253,473,user_ifm_24,C,g++,Partial solution,0,0
142,192.168.0.250,452,user_ifm_3,B,g++,Partial solution,80,16
143,192.168.0.253,473,user_ifm_24,C,g++,Partial solution,0,0
144,192.168.0.253,473,user_ifm_24,C,g++,Partial solution,0,0
145,192.168.0.245,454,user_ifm_5,C,g++,Partial solution,35,7
146,192.168.0.253,473,user_ifm_24,C,g++,Partial solution,5,1
147,192.168.0.21,450,user_ifm_1,D,g++,Partial solution,75,15
148,192.168.0.191,465,user_ifm_16,E,g++,Partial solution,0,0
149,192.168.0.250,452,user_ifm_3,B,g++,Partial solution,80,16
150,192.168.0.191,465,user_ifm_16,E,g++,Partial solution,0,0
151,192.168.0.8,457,user_ifm_8,B,g++,Partial solution,85,17
152,192.168.0.253,473,user_ifm_24,C,g++,Partial solution,0,0
153,192.168.0.253,473,user_ifm_24,C,g++,Partial solution,0,0
154,192.168.0.253,473,user_ifm_24,C,g++,Partial solution,5,1
155,192.168.0.253,460,user_ifm_11,E,python3,Partial solution,0,0
156,192.168.0.9,470,user_ifm_21,A,g++,Partial solution,50,10
157,192.168.0.253,464,user_ifm_15,B,pypy3,Partial solution,55,11
158,192.168.0.6,471,user_ifm_22,B,g++,Partial solution,85,17
159,192.168.0.9,470,user_ifm_21,B,g++,Partial solution,0,0
160,192.168.0.13,474,user_ifm_25,E,g++,OK,100,3
161,192.168.0.253,464,user_ifm_15,B,pypy3,Partial solution,60,12
162,192.168.0.250,452,user_ifm_3,B,g++,Partial solution,85,17
163,192.168.0.250,456,user_ifm_7,C,g++,Partial solution,10,2
164,192.168.0.6,471,user_ifm_22,B,g++,Partial solution,75,15
165,192.168.0.245,454,user_ifm_5,C,g++,Partial solution,40,8
166,192.168.0.250,453,user_ifm_4,B,g++,Partial solution,0,0
167,192.168.0.253,455,user_ifm_6,C,g++,Partial solution,0,0
168,192.168.0.253,473,user_ifm_24,C,g++,Partial solution,0,0
169,192.168.0.253,455,user_ifm_6,C,g++,Partial solution,15,3
170,192.168.0.253,473,user_ifm_24,C,g++,Partial solution,0,0
171,192.168.0.253,473,user_ifm_24,C,g++,Partial solution,0,0
172,192.168.0.250,453,user_ifm_4,B,g++,Partial solution,85,17
173,192.168.0.253,473,user_ifm_24,C,g++,Partial solution,0,0
174,192.168.0.253,473,user_ifm_24,C,g++,Partial solution,0,0
175,192.168.0.253,473,user_ifm_24,C,g++,Partial solution,5,1
176,192.168.0.253,473,user_ifm_24,C,g++,Partial solution,0,0
177,192.168.0.20,480,user_ifm_31,B,pypy3,Partial solution,75,15
178,192.168.0.250,453,user_ifm_4,C,g++,Partial solution,0,0
179,192.168.0.250,456,user_ifm_7,C,g++,OK,100,20
180,192.168.0.253,473,user_ifm_24,C,g++,Partial solution,20,4
181,192.168.0.253,473,user_ifm_24,C,g++,Partial solution,30,6
182,192.168.0.6,471,user_ifm_22,B,g++,Partial solution,75,15
183,192.168.0.253,473,user_ifm_24,C,g++,Partial solution,35,7
184,192.168.0.6,471,user_ifm_22,B,g++,Partial solution,75,15
185,192.168.0.253,473,user_ifm_24,C,g++,Partial solution,30,6
186,192.168.0.250,452,user_ifm_3,C,g++,Partial solution,20,4
187,192.168.0.253,473,user_ifm_24,C,g++,Partial solution,35,7
188,192.168.0.253,473,user_ifm_24,C,g++,Partial solution,20,4
189,192.168.0.6,471,user_ifm_22,B,g++,Partial solution,85,17
190,192.168.0.253,473,user_ifm_24,C,g++,Partial solution,35,7
191,192.168.0.250,453,user_ifm_4,C,g++,Partial solution,20,4
192,192.168.0.253,468,user_ifm_19,A,g++,Partial solution,50,10
193,192.168.0.20,480,user_ifm_31,B,pypy3,Partial solution,85,17
194,192.168.0.8,457,user_ifm_8,C,g++,Compilation error,-1,0
195,192.168.0.8,457,user_ifm_8,C,python3,Partial solution,10,2
196,192.168.0.253,473,user_ifm_24,C,g++,Partial solution,35,7
197,192.168.0.250,455,user_ifm_6,C,g++,Partial solution,60,12
198,192.168.0.6,471,user_ifm_22,B,g++,Compilation error,-1,0
199,192.168.0.6,471,user_ifm_22,B,g++,Partial solution,90,18
200,192.168.0.250,453,user_ifm_4,F,g++,Partial solution,5,1
201,192.168.0.250,453,user_ifm_4,F,g++,Partial solution,5,1
202,192.168.0.250,453,user_ifm_4,F,g++,Partial solution,5,1
203,192.168.0.250,453,user_ifm_4,F,g++,Partial solution,5,1
204,192.168.0.250,452,user_ifm_3,C,g++,Partial solution,25,5
205,192.168.0.21,450,user_ifm_1,D,g++,OK,100,20
206,192.168.0.250,453,user_ifm_4,F,g++,Partial solution,5,1
207,192.168.0.253,464,user_ifm_15,F,python3,Partial solution,5,1
208,192.168.0.13,474,user_ifm_25,F,g++,OK,100,20
209,192.168.0.250,453,user_ifm_4,F,g++,Partial solution,5,1
210,192.168.0.8,457,user_ifm_8,F,python3,Partial solution,5,1
211,192.168.0.250,456,user_ifm_7,F,g++,Partial solution,5,1
212,192.168.0.250,453,user_ifm_4,F,g++,Partial solution,5,1
213,192.168.0.250,453,user_ifm_4,F,g++,Partial solution,5,1
214,192.168.0.250,453,user_ifm_4,F,g++,Partial solution,5,1
215,192.168.0.11,463,user_ifm_14,F,g++,Partial solution,5,1
216,192.168.0.250,453,user_ifm_4,F,g++,Partial solution,5,1
217,192.168.0.250,456,user_ifm_7,F,g++,Partial solution,85,17
218,192.168.0.253,469,user_ifm_20,D,g++,Partial solution,75,15
219,192.168.0.6,471,user_ifm_22,F,pypy3,Partial solution,5,1
220,192.168.0.250,452,user_ifm_3,H,g++,Partial solution,0,0
221,192.168.0.7,475,user_ifm_26,F,python3,Partial solution,5,1
222,192.168.0.250,456,user_ifm_7,F,g++,Partial solution,90,18
223,192.168.0.250,453,user_ifm_4,F,g++,Partial solution,5,1
224,192.168.0.250,453,user_ifm_4,F,g++,Compilation error,-1,0
225,192.168.0.253,473,user_ifm_24,F,g++,OK,100,20
226,192.168.0.253,468,user_ifm_19,A,g++,Partial solution,50,10
227,192.168.0.250,453,user_ifm_4,F,g++,Partial solution,5,1
228,192.168.0.250,455,user_ifm_6,F,g++,Partial solution,5,1
229,192.168.0.21,450,user_ifm_1,F,g++,Partial solution,5,1
230,192.168.0.8,457,user_ifm_8,F,g++,Partial solution,5,1
231,192.168.0.191,465,user_ifm_16,C,g++,Partial solution,20,4
232,192.168.0.253,479,user_ifm_30,B,g++,Partial solution,20,4
233,192.168.0.13,474,user_ifm_25,G,g++,Partial solution,5,1
234,192.168.0.250,455,user_ifm_6,F,g++,Partial solution,5,1
235,192.168.0.20,480,user_ifm_31,B,pypy3,Partial solution,75,15
236,192.168.0.250,453,user_ifm_4,G,g++,Partial solution,5,1
237,192.168.0.250,452,user_ifm_3,F,g++,Partial solution,5,1
238,192.168.0.253,479,user_ifm_30,B,g++,Partial solution,10,2
239,192.168.0.250,467,user_ifm_18,F,g++,Partial solution,0,0
240,192.168.0.21,450,user_ifm_1,F,g++,Partial solution,5,1
241,192.168.0.250,452,user_ifm_3,H,g++,Partial solution,5,1
242,192.168.0.250,456,user_ifm_7,F,g++,Partial solution,5,1
243,192.168.0.20,480,user_ifm_31,B,pypy3,Partial solution,85,17
244,192.168.0.253,479,user_ifm_30,B,g++,Partial solution,20,4
245,192.168.0.250,453,user_ifm_4,G,g++,Partial solution,5,1
246,192.168.0.253,458,user_ifm_9,F,g++,Partial solution,5,1
247,192.168.0.250,467,user_ifm_18,F,g++,Partial solution,5,1
248,192.168.0.250,453,user_ifm_4,G,g++,Partial solution,5,1
249,192.168.0.3,462,user_ifm_13,H,g++,Partial solution,5,1
250,192.168.0.250,456,user_ifm_7,F,g++,OK,100,20
251,192.168.0.250,455,user_ifm_6,F,g++,OK,100,20
252,192.168.0.21,450,user_ifm_1,F,g++,Partial solution,5,1
253,192.168.0.250,453,user_ifm_4,G,g++,Partial solution,5,1
254,192.168.0.20,480,user_ifm_31,B,g++,Partial solution,75,15
255,192.168.0.22,472,user_ifm_23,G,pypy3,Partial solution,5,1
256,192.168.0.21,450,user_ifm_1,F,g++,Partial solution,5,1
257,192.168.0.253,459,user_ifm_10,H,g++,Partial solution,5,1
258,192.168.0.6,471,user_ifm_22,F,g++,Partial solution,5,1
259,192.168.0.13,474,user_ifm_25,G,g++,OK,100,20
260,192.168.0.253,473,user_ifm_24,G,g++,Partial solution,40,8
261,192.168.0.250,453,user_ifm_4,H,g++,Partial solution,5,1
262,192.168.0.11,463,user_ifm_14,H,g++,Partial solution,5,1
263,192.168.0.253,458,user_ifm_9,F,g++,OK,100,20
264,192.168.0.253,460,user_ifm_11,F,python3,Partial solution,5,1
265,192.168.0.253,473,user_ifm_24,G,g++,Partial solution,5,1
266,192.168.0.253,473,user_ifm_24,G,g++,Partial solution,40,8
267,192.168.0.250,452,user_ifm_3,G,g++,Partial solution,5,1
268,192.168.0.250,452,user_ifm_3,G,g++,Partial solution,30,6
269,192.168.0.20,480,user_ifm_31,B,g++,Compilation error,-1,0
270,192.168.0.253,460,user_ifm_11,F,python3,Partial solution,5,1
271,192.168.0.245,454,user_ifm_5,B,g++,Partial solution,85,17
272,192.168.0.253,468,user_ifm_19,F,g++,Partial solution,5,1
273,192.168.0.22,472,user_ifm_23,B,pypy3,Partial solution,30,6
274,192.168.0.253,479,user_ifm_30,B,g++,Partial solution,25,5
275,192.168.0.20,480,user_ifm_31,B,python3,Partial solution,70,14
276,192.168.0.253,469,user_ifm_20,G,g++,OK,100,20
277,192.168.0.3,462,user_ifm_13,F,g++,Partial solution,90,18
278,192.168.0.8,457,user_ifm_8,F,python3,Partial solution,5,1
279,192.168.0.9,470,user_ifm_21,F,g++,Partial solution,0,0
280,192.168.0.253,468,user_ifm_19,F,g++,Partial solution,5,1
281,192.168.0.20,480,user_ifm_31,B,python3,Partial solution,35,7
282,192.168.0.22,472,user_ifm_23,B,pypy3,Partial solution,85,17
283,192.168.0.21,450,user_ifm_1,G,g++,OK,100,20
284,192.168.0.7,475,user_ifm_26,F,python3,Partial solution,5,1
285,192.168.0.253,451,user_ifm_2,D,g++,Partial solution,20,4
286,192.168.0.250,456,user_ifm_7,G,g++,OK,100,20
287,192.168.0.245,454,user_ifm_5,B,g++,Partial solution,85,17
288,192.168.0.20,480,user_ifm_31,B,python3,Partial solution,70,14
289,192.168.0.253,458,user_ifm_9,B,g++,Partial solution,20,4
290,192.168.0.253,460,user_ifm_11,G,python3,Partial solution,5,1
291,192.168.0.253,460,user_ifm_11,H,python3,Partial solution,5,1
292,192.168.0.3,462,user_ifm_13,F,g++,Partial solution,90,18
293,192.168.0.253,458,user_ifm_9,B,g++,Partial solution,35,7
294,192.168.0.9,470,user_ifm_21,F,g++,Compilation error,-1,0
295,192.168.0.9,470,user_ifm_21,F,g++,Partial solution,0,0
296,192.168.0.20,480,user_ifm_31,B,g++,Partial solution,85,17
297,192.168.0.8,457,user_ifm_8,F,python3,Partial solution,5,1
298,192.168.0.253,460,user_ifm_11,D,python3,Partial solution,0,0
299,192.168.0.3,462,user_ifm_13,F,g++,OK,100,20
300,192.168.0.250,452,user_ifm_3,F,g++,Partial solution,0,0
301,192.168.0.250,452,user_ifm_3,F,g++,Partial solution,0,0
302,192.168.0.250,452,user_ifm_3,F,g++,Partial solution,0,0
303,192.168.0.250,452,user_ifm_3,F,g++,Partial solution,0,0
304,192.168.0.253,479,user_ifm_30,B,g++,Partial solution,45,9
305,192.168.0.250,452,user_ifm_3,F,g++,Partial solution,0,0
306,192.168.0.245,454,user_ifm_5,H,g++,Partial solution,5,1
307,192.168.0.250,455,user_ifm_6,H,g++,Partial solution,5,1
308,192.168.0.250,467,user_ifm_18,F,g++,Partial solution,0,0
309,192.168.0.250,452,user_ifm_3,F,g++,Partial solution,0,0
310,192.168.0.253,458,user_ifm_9,B,g++,Partial solution,85,17
311,192.168.0.13,474,user_ifm_25,H,g++,Partial solution,5,1
312,192.168.0.253,464,user_ifm_15,H,python3,Partial solution,5,1
313,192.168.0.253,469,user_ifm_20,H,g++,Partial solution,5,1
314,192.168.0.253,479,user_ifm_30,B,g++,Partial solution,90,18
315,192.168.0.21,450,user_ifm_1,H,g++,Partial solution,5,1
316,192.168.0.253,473,user_ifm_24,G,g++,OK,100,20
317,192.168.0.191,465,user_ifm_16,F,g++,Partial solution,0,0
318,192.168.0.253,458,user_ifm_9,B,g++,Compilation error,-1,0
319,192.168.0.21,450,user_ifm_1,H,g++,Partial solution,10,2
320,192.168.0.253,468,user_ifm_19,B,g++,Partial solution,0,0
321,192.168.0.253,458,user_ifm_9,B,g++,Compilation error,-1,0
322,192.168.0.250,455,user_ifm_6,G,g++,Partial solution,5,1
323,192.168.0.253,466,user_ifm_17,G,g++,Partial solution,5,1
324,192.168.0.253,458,user_ifm_9,B,g++,Partial solution,85,17
325,192.168.0.250,453,user_ifm_4,D,g++,Partial solution,0,0
326,192.168.0.191,465,user_ifm_16,F,g++,Partial solution,5,1
327,192.168.0.253,468,user_ifm_19,B,g++,Partial solution,5,1
328,192.168.0.250,455,user_ifm_6,G,g++,Partial solution,5,1
329,192.168.0.253,466,user_ifm_17,G,g++,Partial solution,5,1
330,192.168.0.253,473,user_ifm_24,C,g++,Partial solution,35,7
331,192.168.0.253,461,user_ifm_12,B,g++,Partial solution,95,19
332,192.168.0.250,467,user_ifm_18,F,g++,Partial solution,0,0
333,192.168.0.13,474,user_ifm_25,H,g++,Partial solution,5,1
334,192.168.0.21,450,user_ifm_1,H,g++,Partial solution,10,2
335,192.168.0.245,454,user_ifm_5,F,g++,Partial solution,5,1
336,192.168.0.250,455,user_ifm_6,G,g++,Partial solution,5,1
337,192.168.0.8,457,user_ifm_8,F,g++,Partial solution,5,1
338,192.168.0.3,462,user_ifm_13,G,g++,OK,100,20
339,192.168.0.191,465,user_ifm_16,F,g++,Compilation error,-1,0
340,192.168.0.253,459,user_ifm_10,H,g++,Partial solution,5,1
341,192.168.0.20,480,user_ifm_31,G,pypy3,Partial solution,5,1
342,192.168.0.253,461,user_ifm_12,B,g++,Partial solution,95,19
343,192.168.0.253,458,user_ifm_9,G,g++,Partial solution,5,1
344,192.168.0.250,453,user_ifm_4,G,g++,Partial solution,5,1
345,192.168.0.250,452,user_ifm_3,G,g++,Partial solution,5,1
346,192.168.0.191,465,user_ifm_16,F,g++,Partial solution,5,1
347,192.168.0.250,453,user_ifm_4,G,g++,Partial solution,0,0
348,192.168.0.250,456,user_ifm_7,D,g++,Partial solution,60,12
349,192.168.0.250,452,user_ifm_3,G,g++,Partial solution,30,6
350,192.168.0.253,458,user_ifm_9,G,g++,Partial solution,5,1
351,192.168.0.7,475,user_ifm_26,G,python3,Partial solution,5,1
352,192.168.0.253,464,user_ifm_15,G,python3,Partial solution,5,1
353,192.168.0.253,473,user_ifm_24,H,g++,Partial solution,5,1
354,192.168.0.7,475,user_ifm_26,H,python3,Partial solution,5,1
355,192.168.0.13,474,user_ifm_25,H,g++,Partial solution,5,1
356,192.168.0.250,452,user_ifm_3,F,g++,Partial solution,0,0
357,192.168.0.7,475,user_ifm_26,E,python3,Partial solution,0,0
358,192.168.0.253,451,user_ifm_2,D,g++,OK,100,20
359,192.168.0.21,450,user_ifm_1,F,g++,OK,100,20
360,192.168.0.250,455,user_ifm_6,G,g++,Partial solution,5,1
361,192.168.0.20,480,user_ifm_31,G,pypy3,Partial solution,5,1
362,192.168.0.250,453,user_ifm_4,G,g++,Partial solution,5,1
363,192.168.0.253,468,user_ifm_19,A,g++,Partial solution,50,10
364,192.168.0.245,454,user_ifm_5,G,g++,Partial solution,0,0
365,192.168.0.7,475,user_ifm_26,D,python3,Partial solution,0,0
366,192.168.0.250,452,user_ifm_3,F,g++,Partial solution,0,0
367,192.168.0.250,452,user_ifm_3,F,g++,Partial solution,0,0
368,192.168.0.250,456,user_ifm_7,D,g++,OK,100,20
369,192.168.0.253,468,user_ifm_19,A,g++,Partial solution,50,10
370,192.168.0.250,452,user_ifm_3,F,g++,Partial solution,0,0
371,192.168.0.7,475,user_ifm_26,C,python3,Partial solution,0,0
372,192.168.0.250,452,user_ifm_3,F,g++,Partial solution,0,0
373,192.168.0.250,452,user_ifm_3,F,g++,Partial solution,0,0
374,192.168.0.253,458,user_ifm_9,G,g++,Partial solution,0,0
375,192.168.0.253,468,user_ifm_19,A,g++,Partial solution,50,10
376,192.168.0.250,452,user_ifm_3,F,g++,Partial solution,0,0
377,192.168.0.250,452,user_ifm_3,F,g++,Partial solution,0,0
378,192.168.0.250,452,user_ifm_3,F,g++,Partial solution,0,0
379,192.168.0.11,463,user_ifm_14,F,g++,Partial solution,5,1
380,192.168.0.8,457,user_ifm_8,F,g++,Partial solution,5,1
381,192.168.0.253,473,user_ifm_24,H,g++,Partial solution,5,1
382,192.168.0.13,474,user_ifm_25,H,g++,Partial solution,5,1
383,192.168.0.20,480,user_ifm_31,C,pypy3,Partial solution,0,0
384,192.168.0.250,452,user_ifm_3,F,g++,Partial solution,5,1
385,192.168.0.253,460,user_ifm_11,G,python3,Partial solution,5,1
386,192.168.0.250,456,user_ifm_7,H,g++,Partial solution,5,1
387,192.168.0.253,458,user_ifm_9,G,g++,Partial solution,55,11
388,192.168.0.253,464,user_ifm_15,G,python3,Partial solution,5,1
389,192.168.0.20,480,user_ifm_31,C,pypy3,Partial solution,15,3
390,192.168.0.250,453,user_ifm_4,G,g++,Partial solution,0,0
391,192.168.0.250,453,user_ifm_4,B,g++,Partial solution,85,17
392,192.168.0.191,465,user_ifm_16,F,g++,Partial solution,5,1
393,192.168.0.253,458,user_ifm_9,G,g++,Partial solution,5,1
394,192.168.0.250,453,user_ifm_4,G,g++,Partial solution,5,1
395,192.168.0.3,462,user_ifm_13,C,g++,Partial solution,35,7
396,192.168.0.11,463,user_ifm_14,E,g++,Partial solution,0,0
397,192.168.0.3,462,user_ifm_13,C,g++,Partial solution,65,13
398,192.168.0.253,458,user_ifm_9,G,g++,Partial solution,55,11
399,192.168.0.21,450,user_ifm_1,E,g++,Partial solution,0,0
400,192.168.0.250,467,user_ifm_18,F,g++,Partial solution,5,1
401,192.168.0.253,473,user_ifm_24,H,g++,Partial solution,5,1
402,192.168.0.11,463,user_ifm_14,G,g++,Partial solution,0,0
403,192.168.0.13,474,user_ifm_25,H,g++,Partial solution,5,1
404,192.168.0.250,455,user_ifm_6,G,g++,Partial solution,5,1
405,192.168.0.8,457,user_ifm_8,G,python3,Partial solution,0,0
406,192.168.0.253,469,user_ifm_20,F,g++,Partial solution,5,1
407,192.168.0.21,450,user_ifm_1,E,g++,Partial solution,0,0
408,192.168.0.253,473,user_ifm_24,H,g++,Partial solution,5,1
409,192.168.0.250,455,user_ifm_6,G,g++,Partial solution,5,1
410,192.168.0.250,456,user_ifm_7,H,g++,Partial solution,5,1
411,192.168.0.245,454,user_ifm_5,F,g++,Partial solution,5,1
412,192.168.0.253,464,user_ifm_15,G,python3,Partial solution,0,0
413,192.168.0.13,474,user_ifm_25,H,g++,Partial solution,5,1
414,192.168.0.253,464,user_ifm_15,H,python3,Partial solution,5,1
415,192.168.0.253,468,user_ifm_19,C,g++,Compilation error,-1,0
416,192.168.0.253,468,user_ifm_19,C,g++,Partial solution,0,0
417,192.168.0.191,465,user_ifm_16,G,g++,Partial solution,45,9
418,192.168.0.7,475,user_ifm_26,E,python3,Partial solution,0,0
419,192.168.0.250,467,user_ifm_18,F,g++,Partial solution,5,1
420,192.168.0.20,480,user_ifm_31,E,pypy3,Partial solution,0,0
421,192.168.0.245,454,user_ifm_5,C,g++,Partial solution,40,8
422,192.168.0.191,465,user_ifm_16,G,g++,Partial solution,45,9
423,192.168.0.253,466,user_ifm_17,H,g++,Partial solution,5,1
424,192.168.0.250,453,user_ifm_4,G,g++,Partial solution,5,1
425,192.168.0.253,458,user_ifm_9,C,g++,Partial solution,20,4
426,192.168.0.3,462,user_ifm_13,E,g++,Partial solution,0,0
427,192.168.0.245,454,user_ifm_5,C,g++,Partial solution,40,8
428,192.168.0.253,458,user_ifm_9,C,g++,Partial solution,5,1
429,192.168.0.253,458,user_ifm_9,C,g++,Partial solution,20,4
430,192.168.0.253,464,user_ifm_15,H,python3,Partial solution,0,0
431,192.168.0.245,454,user_ifm_5,C,g++,Partial solution,40,8
432,192.168.0.13,474,user_ifm_25,H,g++,Partial solution,5,1
433,192.168.0.253,469,user_ifm_20,F,g++,Partial solution,5,1
434,192.168.0.253,466,user_ifm_17,H,g++,Partial solution,5,1
435,192.168.0.253,464,user_ifm_15,G,python3,Partial solution,5,1
436,192.168.0.253,458,user_ifm_9,H,g++,Partial solution,5,1
437,192.168.0.8,457,user_ifm_8,G,python3,Partial solution,5,1
438,192.168.0.21,450,user_ifm_1,E,gcc,Compilation error,-1,0
439,192.168.0.250,453,user_ifm_4,G,g++,Partial solution,5,1
440,192.168.0.3,462,user_ifm_13,E,g++,Partial solution,40,2
441,192.168.0.6,471,user_ifm_22,C,python3,Partial solution,30,6
442,192.168.0.253,458,user_ifm_9,E,g++,Partial solution,0,0
443,192.168.0.21,450,user_ifm_1,E,g++,OK,100,3
444,192.168.0.253,458,user_ifm_9,D,g++,Partial solution,0,0
445,192.168.0.7,475,user_ifm_26,E,python,Partial solution,0,0
446,192.168.0.253,472,user_ifm_23,B,pypy3,Partial solution,80,16
447,192.168.0.7,475,user_ifm_26,E,python,Partial solution,0,0
448,192.168.0.250,456,user_ifm_7,H,g++,Partial solution,0,0
449,192.168.0.6,471,user_ifm_22,C,python3,Partial solution,35,7
450,192.168.0.245,454,user_ifm_5,F,g++,Partial solution,0,0
451,192.168.0.7,475,user_ifm_26,E,python,Partial solution,0,0
452,192.168.0.250,456,user_ifm_7,H,g++,Partial solution,5,1
453,192.168.0.245,454,user_ifm_5,F,g++,Partial solution,5,1
454,192.168.0.250,453,user_ifm_4,G,g++,Partial solution,5,1
455,192.168.0.250,456,user_ifm_7,H,g++,Partial solution,5,1
456,192.168.0.250,456,user_ifm_7,H,g++,Partial solution,5,1
457,192.168.0.8,457,user_ifm_8,G,python3,Partial solution,5,1
458,192.168.0.13,474,user_ifm_25,H,g++,Partial solution,5,1
459,192.168.0.253,464,user_ifm_15,H,python3,Partial solution,5,1
460,192.168.0.253,466,user_ifm_17,F,g++,Partial solution,5,1
461,192.168.0.253,461,user_ifm_12,F,g++,Partial solution,5,1
462,192.168.0.250,455,user_ifm_6,D,g++,Partial solution,20,4
463,192.168.0.250,453,user_ifm_4,C,g++,Compilation error,-1,0
464,192.168.0.253,464,user_ifm_15,G,python3,Partial solution,0,0
465,192.168.0.253,451,user_ifm_2,E,g++,Partial solution,0,0
466,192.168.0.191,465,user_ifm_16,F,g++,Partial solution,5,1
467,192.168.0.253,466,user_ifm_17,F,g++,Partial solution,5,1
468,192.168.0.250,453,user_ifm_4,C,g++,Compilation error,-1,0
469,192.168.0.250,453,user_ifm_4,C,g++,Partial solution,20,4
470,192.168.0.21,450,user_ifm_1,H,g++,OK,100,20
471,192.168.0.253,464,user_ifm_15,G,python3,Partial solution,5,1
472,192.168.0.250,455,user_ifm_6,D,g++,Partial solution,75,15
473,192.168.0.245,454,user_ifm_5,E,g++,Partial solution,0,0
474,192.168.0.253,472,user_ifm_23,B,pypy3,Partial solution,0,0
475,192.168.0.253,458,user_ifm_9,G,g++,Partial solution,5,1
476,192.168.0.253,472,user_ifm_23,B,pypy3,Partial solution,95,19
477,192.168.0.250,452,user_ifm_3,E,g++,Partial solution,0,0
478,192.168.0.253,458,user_ifm_9,G,g++,Partial solution,55,11
479,192.168.0.253,480,user_ifm_31,E,pypy3,Partial solution,0,0
480,192.168.0.250,452,user_ifm_3,E,g++,Partial solution,0,0
481,192.168.0.250,453,user_ifm_4,C,g++,Partial solution,10,2
482,192.168.0.250,452,user_ifm_3,E,g++,Partial solution,0,0
483,192.168.0.250,453,user_ifm_4,C,g++,Partial solution,10,2
484,192.168.0.253,461,user_ifm_12,F,g++,Partial solution,5,1
485,192.168.0.250,452,user_ifm_3,E,g++,Partial solution,0,0
486,192.168.0.250,453,user_ifm_4,C,g++,Partial solution,20,4
487,192.168.0.253,464,user_ifm_15,G,python3,Partial solution,5,1
488,192.168.0.253,480,user_ifm_31,E,pypy3,Partial solution,0,0
489,192.168.0.191,465,user_ifm_16,F,g++,Partial solution,5,1
490,192.168.0.250,467,user_ifm_18,B,g++,Partial solution,80,16
491,192.168.0.253,472,user_ifm_23,B,pypy3,OK,100,20
492,192.168.0.253,473,user_ifm_24,D,g++,Partial solution,0,0
493,192.168.0.250,453,user_ifm_4,E,g++,Partial solution,0,0
494,192.168.0.253,464,user_ifm_15,G,python3,Partial solution,5,1
495,192.168.0.253,479,user_ifm_30,C,g++,Partial solution,0,0
496,192.168.0.253,479,user_ifm_30,C,g++,Partial solution,5,1
497,192.168.0.8,457,user_ifm_8,D,python3,Partial solution,25,5
498,192.168.0.253,479,user_ifm_30,C,g++,Partial solution,0,0
499,192.168.0.253,479,user_ifm_30,C,g++,Partial solution,5,1
500,192.168.0.253,461,user_ifm_12,F,g++,Partial solution,5,1
501,192.168.0.253,458,user_ifm_9,D,g++,Partial solution,0,0
502,192.168.0.250,456,user_ifm_7,E,g++,Partial solution,0,0
503,192.168.0.253,479,user_ifm_30,C,g++,Partial solution,5,1
504,192.168.0.253,480,user_ifm_31,E,pypy3,Partial solution,40,2
505,192.168.0.250,467,user_ifm_18,C,g++,Partial solution,10,2
506,192.168.0.253,479,user_ifm_30,C,g++,Partial solution,0,0
507,192.168.0.191,465,user_ifm_16,F,g++,Partial solution,5,1
508,192.168.0.253,479,user_ifm_30,C,g++,Partial solution,0,0
509,192.168.0.253,479,user_ifm_30,C,g++,Partial solution,5,1
510,192.168.0.253,458,user_ifm_9,D,g++,Partial solution,0,0
511,192.168.0.250,452,user_ifm_3,E,g++,Partial solution,0,0
512,192.168.0.250,452,user_ifm_3,D,g++,Partial solution,0,0
513,192.168.0.253,479,user_ifm_30,E,g++,Partial solution,0,0
514,192.168.0.250,456,user_ifm_7,E,g++,Partial solution,0,0
515,192.168.0.253,461,user_ifm_12,F,g++,Partial solution,5,1
516,192.168.0.253,479,user_ifm_30,E,g++,Partial solution,0,0
517,192.168.0.253,472,user_ifm_23,F,pypy3,Partial solution,5,1
518,192.168.0.245,454,user_ifm_5,D,g++,Partial solution,0,0
519,192.168.0.253,469,user_ifm_20,C,g++,Partial solution,5,1
520,192.168.0.253,479,user_ifm_30,E,g++,Partial solution,0,0
521,192.168.0.253,473,user_ifm_24,C,g++,Partial solution,20,4
522,192.168.0.245,454,user_ifm_5,E,g++,Partial solution,0,0
523,192.168.0.9,470,user_ifm_21,E,g++,Partial solution,0,0
524,192.168.0.253,473,user_ifm_24,C,g++,Partial solution,25,5
525,192.168.0.245,454,user_ifm_5,E,g++,Partial solution,0,0
526,192.168.0.250,453,user_ifm_4,G,g++,Partial solution,5,1
527,192.168.0.13,474,user_ifm_25,H,g++,Partial solution,5,1
528,192.168.0.253,473,user_ifm_24,C,g++,Partial solution,35,7
529,192.168.0.253,469,user_ifm_20,C,g++,Partial solution,0,0
530,192.168.0.245,454,user_ifm_5,E,g++,Partial solution,0,0
531,192.168.0.253,479,user_ifm_30,F,g++,Partial solution,0,0
532,192.168.0.191,465,user_ifm_16,F,g++,OK,100,20
533,192.168.0.253,472,user_ifm_23,F,pypy3,Partial solution,5,1
534,192.168.0.245,454,user_ifm_5,E,g++,Partial solution,0,0
535,192.168.0.253,479,user_ifm_30,F,g++,Partial solution,0,0
536,192.168.0.253,458,user_ifm_9,G,g++,Partial solution,5,1
537,192.168.0.253,479,user_ifm_30,F,g++,Partial solution,0,0
538,192.168.0.253,479,user_ifm_30,F,g++,Partial solution,5,1
539,192.168.0.253,458,user_ifm_9,G,g++,Partial solution,55,11
540,192.168.0.6,471,user_ifm_22,G,python3,Partial solution,5,1
541,192.168.0.253,479,user_ifm_30,G,g++,Partial solution,0,0
542,192.168.0.250,456,user_ifm_7,E,g++,Partial solution,0,0
543,192.168.0.253,479,user_ifm_30,G,g++,Partial solution,0,0
544,192.168.0.253,479,user_ifm_30,G,g++,Partial solution,0,0
545,192.168.0.191,465,user_ifm_16,C,g++,Partial solution,25,5
546,192.168.0.253,479,user_ifm_30,G,g++,Partial solution,5,1
547,192.168.0.245,454,user_ifm_5,E,g++,Partial solution,0,0
548,192.168.0.253,479,user_ifm_30,H,g++,Partial solution,0,0
549,192.168.0.245,454,user_ifm_5,E,g++,Partial solution,0,0
550,192.168.0.253,466,user_ifm_17,F,g++,Partial solution,5,1
551,192.168.0.13,474,user_ifm_25,H,g++,OK,100,20
552,192.168.0.253,479,user_ifm_30,H,g++,Partial solution,0,0
553,192.168.0.253,464,user_ifm_15,B,python3,Partial solution,45,9
554,192.168.0.245,454,user_ifm_5,E,g++,Partial solution,0,0
555,192.168.0.253,479,user_ifm_30,H,g++,Partial solution,0,0
556,192.168.0.6,471,user_ifm_22,H,python3,Partial solution,5,1
557,192.168.0.253,479,user_ifm_30,H,g++,Partial solution,5,1
558,192.168.0.253,464,user_ifm_15,B,python3,Partial solution,45,9
559,192.168.0.253,466,user_ifm_17,F,g++,Partial solution,5,1
560,192.168.0.191,465,user_ifm_16,G,g++,Partial solution,60,12
561,192.168.0.245,454,user_ifm_5,E,g++,Partial solution,0,0
562,192.168.0.245,454,user_ifm_5,E,g++,Partial solution,0,0
563,192.168.0.250,455,user_ifm_6,G,g++,OK,100,20
564,192.168.0.191,465,user_ifm_16,E,python3,Partial solution,0,0
565,192.168.0.253,479,user_ifm_30,C,g++,Partial solution,10,2
566,192.168.0.250,456,user_ifm_7,E,g++,Partial solution,0,0
567,192.168.0.191,465,user_ifm_16,E,python3,Partial solution,0,0
568,192.168.0.253,473,user_ifm_24,C,g++,Partial solution,30,6
569,192.168.0.191,465,user_ifm_16,E,python3,Partial solution,0,0
570,192.168.0.8,457,user_ifm_8,H,python3,Partial solution,5,1
571,192.168.0.250,456,user_ifm_7,E,g++,Partial solution,0,0
572,192.168.0.191,465,user_ifm_16,E,python3,Partial solution,0,0
573,192.168.0.253,458,user_ifm_9,G,g++,Partial solution,5,1
574,192.168.0.191,465,user_ifm_16,E,python3,Partial solution,0,0
575,192.168.0.191,465,user_ifm_16,E,python3,Partial solution,0,0
576,192.168.0.245,454,user_ifm_5,G,g++,Partial solution,55,11
577,192.168.0.253,458,user_ifm_9,G,g++,Partial solution,55,11
578,192.168.0.250,455,user_ifm_6,D,g++,Partial solution,60,12
579,192.168.0.250,452,user_ifm_3,H,g++,Partial solution,5,1
580,192.168.0.250,452,user_ifm_3,H,g++,Partial solution,5,1
581,192.168.0.250,452,user_ifm_3,H,g++,Partial solution,5,1
582,192.168.0.253,461,user_ifm_12,E,g++,Partial solution,0,0
583,192.168.0.250,452,user_ifm_3,H,g++,Partial solution,5,1
584,192.168.0.191,465,user_ifm_16,G,g++,Partial solution,60,12
585,192.168.0.250,452,user_ifm_3,H,g++,Partial solution,5,1
586,192.168.0.253,461,user_ifm_12,E,g++,Partial solution,0,0
587,192.168.0.253,464,user_ifm_15,B,python3,Partial solution,45,9
588,192.168.0.3,462,user_ifm_13,D,g++,Partial solution,20,4
589,192.168.0.250,455,user_ifm_6,D,g++,Partial solution,60,12
590,192.168.0.250,455,user_ifm_6,D,g++,Partial solution,75,15
591,192.168.0.8,457,user_ifm_8,H,g++,Partial solution,5,1
592,192.168.0.250,456,user_ifm_7,E,g++,Partial solution,0,0
593,192.168.0.253,466,user_ifm_17,E,g++,Partial solution,0,0
594,192.168.0.253,473,user_ifm_24,C,g++,Partial solution,35,7
595,192.168.0.250,456,user_ifm_7,E,g++,Partial solution,0,0
596,192.168.0.253,466,user_ifm_17,E,g++,Partial solution,0,0
597,192.168.0.250,453,user_ifm_4,G,g++,Partial solution,55,11
598,192.168.0.250,452,user_ifm_3,G,g++,Partial solution,5,1
599,192.168.0.253,451,user_ifm_2,E,g++,Partial solution,0,0
600,192.168.0.250,452,user_ifm_3,G,g++,Partial solution,30,6
601,192.168.0.3,462,user_ifm_13,D,g++,Partial solution,20,4
602,192.168.0.250,456,user_ifm_7,E,g++,Partial solution,0,0
603,192.168.0.253,468,user_ifm_19,C,g++,Partial solution,0,0
604,192.168.0.253,468,user_ifm_19,C,g++,Partial solution,0,0
605,192.168.0.253,479,user_ifm_30,F,g++,Partial solution,5,1
606,192.168.0.253,464,user_ifm_15,B,python3,Partial solution,45,9
607,192.168.0.250,452,user_ifm_3,G,g++,Partial solution,5,1
608,192.168.0.253,458,user_ifm_9,G,g++,Partial solution,5,1
609,192.168.0.253,466,user_ifm_17,C,g++,Partial solution,0,0
610,192.168.0.253,460,user_ifm_11,B,python3,Partial solution,10,2
611,192.168.0.253,469,user_ifm_20,F,g++,Partial solution,0,0
612,192.168.0.250,452,user_ifm_3,G,g++,Partial solution,30,6
613,192.168.0.253,464,user_ifm_15,B,pypy3,Partial solution,60,12
614,192.168.0.253,458,user_ifm_9,G,g++,Partial solution,55,11
615,192.168.0.191,465,user_ifm_16,H,g++,Partial solution,0,0
616,192.168.0.191,465,user_ifm_16,H,g++,Partial solution,5,1
617,192.168.0.253,464,user_ifm_15,H,pypy3,Partial solution,0,0
618,192.168.0.253,468,user_ifm_19,D,g++,Compilation error,-1,0
619,192.168.0.253,464,user_ifm_15,H,pypy3,Partial solution,0,0
620,192.168.0.3,462,user_ifm_13,D,g++,Partial solution,20,4
621,192.168.0.6,471,user_ifm_22,E,python3,Partial solution,15,1
622,192.168.0.253,468,user_ifm_19,D,g++,Partial solution,0,0
623,192.168.0.253,473,user_ifm_24,E,g++,Partial solution,0,0
624,192.168.0.250,456,user_ifm_7,E,g++,Partial solution,40,2
625,192.168.0.253,480,user_ifm_31,H,pypy3,Partial solution,0,0
626,192.168.0.253,464,user_ifm_15,G,pypy3,Partial solution,5,1
627,192.168.0.253,480,user_ifm_31,G,pypy3,Partial solution,0,0
628,192.168.0.250,452,user_ifm_3,D,g++,Partial solution,20,4
629,192.168.0.3,462,user_ifm_13,D,g++,Partial solution,20,4
630,192.168.0.253,460,user_ifm_11,B,python3,Partial solution,10,2
631,192.168.0.253,468,user_ifm_19,H,g++,Partial solution,5,1
632,192.168.0.253,473,user_ifm_24,E,g++,Partial solution,0,0
633,192.168.0.253,479,user_ifm_30,F,g++,Partial solution,5,1
634,192.168.0.253,468,user_ifm_19,G,g++,Partial solution,5,1
635,192.168.0.253,466,user_ifm_17,H,g++,Compilation error,-1,0
636,192.168.0.253,451,user_ifm_2,G,g++,Partial solution,5,1
637,192.168.0.250,467,user_ifm_18,G,g++,Partial solution,5,1
638,192.168.0.8,457,user_ifm_8,B,python3,Partial solution,65,13
639,192.168.0.253,466,user_ifm_17,H,g++,Compilation error,-1,0
640,192.168.0.8,457,user_ifm_8,B,g++,Partial solution,85,17
641,192.168.0.253,466,user_ifm_17,H,g++,Partial solution,5,1
642,192.168.0.253,468,user_ifm_19,E,g++,Partial solution,0,0
643,192.168.0.11,463,user_ifm_14,C,g++,Partial solution,15,3
644,192.168.0.253,469,user_ifm_20,C,g++,Partial solution,5,1
645,192.168.0.3,462,user_ifm_13,D,g++,Partial solution,20,4
646,192.168.0.191,465,user_ifm_16,G,g++,Partial solution,10,2
647,192.168.0.253,473,user_ifm_24,E,g++,Partial solution,0,0
648,192.168.0.250,467,user_ifm_18,H,g++,Partial solution,5,1
649,192.168.0.200,1,ejudge,H,g++,Partial solution,0,0
650,192.168.0.253,480,user_ifm_31,G,pypy3,Partial solution,5,1
651,192.168.0.8,457,user_ifm_8,F,pypy3,Partial solution,5,1
652,192.168.0.200,1,ejudge,H,g++,Compilation error,-1,0
653,192.168.0.253,459,user_ifm_10,F,g++,Partial solution,0,0
654,192.168.0.200,1,ejudge,H,g++,Partial solution,0,0
655,192.168.0.253,451,user_ifm_2,C,g++,Partial solution,15,3
656,192.168.0.253,469,user_ifm_20,E,g++,Partial solution,0,0
657,192.168.0.253,480,user_ifm_31,H,pypy3,Partial solution,5,1
658,192.168.0.250,455,user_ifm_6,D,g++,Partial solution,55,11
659,192.168.0.191,465,user_ifm_16,G,g++,Partial solution,10,2
660,192.168.0.253,459,user_ifm_10,F,g++,Partial solution,0,0
661,192.168.0.250,455,user_ifm_6,D,g++,Partial solution,75,15
662,192.168.0.253,480,user_ifm_31,F,pypy3,Partial solution,5,1
663,192.168.0.253,459,user_ifm_10,C,g++,Partial solution,10,2
664,192.168.0.253,459,user_ifm_10,C,g++,Partial solution,0,0
665,192.168.0.253,459,user_ifm_10,C,g++,Partial solution,10,2
666,192.168.0.253,459,user_ifm_10,D,g++,Partial solution,0,0
667,192.168.0.253,480,user_ifm_31,D,pypy3,Partial solution,0,0
668,192.168.0.253,459,user_ifm_10,E,g++,Partial solution,0,0
669,192.168.0.6,471,user_ifm_22,D,python3,Partial solution,0,0
670,192.168.0.253,459,user_ifm_10,G,g++,Partial solution,5,1
671,192.168.0.6,471,user_ifm_22,D,python3,Partial solution,0,0
672,192.168.0.253,458,user_ifm_9,G,g++,Partial solution,5,1
673,192.168.0.253,458,user_ifm_9,G,g++,Partial solution,55,11
674,192.168.0.191,465,user_ifm_16,G,g++,Partial solution,60,12
675,192.168.0.245,453,user_ifm_4,C,g++,Partial solution,40,8
676,192.168.0.253,461,user_ifm_12,F,g++,Partial solution,5,1
677,192.168.0.6,471,user_ifm_22,E,python3,Partial solution,0,0
678,192.168.0.253,472,user_ifm_23,G,pypy3,Partial solution,5,1
679,192.168.0.6,471,user_ifm_22,E,python3,Partial solution,15,1
680,192.168.0.191,465,user_ifm_16,G,g++,Partial solution,60,12
681,192.168.0.253,464,user_ifm_15,H,pypy3,Partial solution,5,1
682,192.168.0.8,457,user_ifm_8,F,pypy3,Partial solution,5,1
683,192.168.0.11,463,user_ifm_14,G,g++,Partial solution,5,1
684,192.168.0.6,471,user_ifm_22,D,python3,Partial solution,0,0
685,192.168.0.250,452,user_ifm_3,D,g++,Partial solution,0,0
686,192.168.0.250,452,user_ifm_3,D,g++,Partial solution,0,0
687,192.168.0.250,452,user_ifm_3,D,g++,Partial solution,0,0
688,192.168.0.253,451,user_ifm_2,G,g++,Partial solution,5,1
689,192.168.0.250,452,user_ifm_3,D,g++,Partial solution,20,4
690,192.168.0.8,457,user_ifm_8,F,pypy3,Partial solution,5,1
691,192.168.0.253,451,user_ifm_2,G,g++,Partial solution,5,1
692,192.168.0.253,461,user_ifm_12,E,g++,Partial solution,0,0
693,192.168.0.253,461,user_ifm_12,F,g++,Partial solution,5,1
694,192.168.0.245,454,user_ifm_5,E,g++,Partial solution,0,0
695,192.168.0.253,461,user_ifm_12,F,g++,Partial solution,5,1
696,192.168.0.253,472,user_ifm_23,C,pypy3,OK,100,20
697,192.168.0.250,452,user_ifm_3,E,g++,Partial solution,0,0
698,192.168.0.8,457,user_ifm_8,F,pypy3,Partial solution,5,1
699,192.168.0.253,466,user_ifm_17,C,g++,Partial solution,15,3
700,192.168.0.253,461,user_ifm_12,F,g++,OK,100,20
701,192.168.0.250,452,user_ifm_3,E,g++,Partial solution,0,0
702,192.168.0.250,452,user_ifm_3,E,g++,Partial solution,0,0
703,192.168.0.250,452,user_ifm_3,E,g++,Partial solution,0,0
704,192.168.0.253,479,user_ifm_30,F,g++,Partial solution,5,1
705,192.168.0.191,465,user_ifm_16,G,g++,Partial solution,60,12
706,192.168.0.253,480,user_ifm_31,G,pypy3,Partial solution,5,1
707,192.168.0.253,469,user_ifm_20,F,g++,Partial solution,0,0
708,192.168.0.253,460,user_ifm_11,C,python3,Partial solution,20,4
709,192.168.0.253,480,user_ifm_31,G,pypy3,Partial solution,5,1
710,192.168.0.3,462,user_ifm_13,D,g++,Partial solution,20,4
711,192.168.0.191,465,user_ifm_16,G,g++,Partial solution,60,12
712,192.168.0.3,462,user_ifm_13,D,g++,Partial solution,20,4
713,192.168.0.191,465,user_ifm_16,G,g++,Partial solution,60,12
714,192.168.0.253,460,user_ifm_11,D,python3,Partial solution,0,0
715,192.168.0.253,459,user_ifm_10,E,g++,Partial solution,0,0
716,192.168.0.191,465,user_ifm_16,G,g++,Partial solution,60,12
717,192.168.0.253,460,user_ifm_11,D,python3,Partial solution,0,0
718,192.168.0.253,459,user_ifm_10,E,g++,Partial solution,40,2
719,192.168.0.253,466,user_ifm_17,C,g++,Compilation error,-1,0
720,192.168.0.191,465,user_ifm_16,G,g++,Partial solution,60,12
721,192.168.0.253,466,user_ifm_17,C,g++,Partial solution,0,0
722,192.168.0.3,462,user_ifm_13,H,g++,Partial solution,5,1
723,192.168.0.253,459,user_ifm_10,F,g++,Partial solution,0,0
724,192.168.0.253,466,user_ifm_17,C,g++,Partial solution,0,0
725,192.168.0.3,462,user_ifm_13,H,g++,Partial solution,5,1
726,192.168.0.250,455,user_ifm_6,D,g++,OK,100,20
727,192.168.0.253,480,user_ifm_31,F,g++,Partial solution,5,1
728,192.168.0.253,466,user_ifm_17,C,g++,Partial solution,10,2
729,192.168.0.253,461,user_ifm_12,E,g++,Partial solution,0,0
730,192.168.0.253,459,user_ifm_10,F,g++,Partial solution,0,0
731,192.168.0.191,465,user_ifm_16,G,g++,Partial solution,60,12
732,192.168.0.253,466,user_ifm_17,C,g++,Partial solution,15,3
733,192.168.0.253,460,user_ifm_11,D,python3,Partial solution,0,0
734,192.168.0.3,462,user_ifm_13,D,g++,Partial solution,20,4
735,192.168.0.191,465,user_ifm_16,G,g++,Partial solution,55,11
736,192.168.0.191,465,user_ifm_16,G,g++,Partial solution,60,12
737,192.168.0.253,460,user_ifm_11,G,python3,Partial solution,0,0
738,192.168.0.253,460,user_ifm_11,G,python3,Partial solution,5,1
739,192.168.0.253,480,user_ifm_31,F,g++,Partial solution,0,0
740,192.168.0.8,457,user_ifm_8,F,pypy3,Partial solution,0,0
741,192.168.0.8,457,user_ifm_8,F,pypy3,Partial solution,5,1
742,192.168.0.253,480,user_ifm_31,F,g++,Compilation error,-1,0
743,192.168.0.253,480,user_ifm_31,F,g++,Partial solution,0,0
744,192.168.0.253,480,user_ifm_31,F,python,Partial solution,0,0
745,192.168.0.191,465,user_ifm_16,G,g++,Partial solution,60,12
746,192.168.0.253,480,user_ifm_31,F,pypy3,Partial solution,5,1
747,192.168.0.191,465,user_ifm_16,G,g++,Partial solution,60,12
748,192.168.0.253,480,user_ifm_31,D,pypy3,Partial solution,0,0
749,192.168.0.253,464,user_ifm_15,F,pypy3,Partial solution,5,1
750,192.168.0.253,458,user_ifm_9,C,g++,Partial solution,15,3
751,192.168.0.253,458,user_ifm_9,C,g++,Partial solution,20,4
752,192.168.0.3,462,user_ifm_13,H,g++,Partial solution,0,0
753,192.168.0.253,466,user_ifm_17,E,g++,Partial solution,0,0
754,192.168.0.253,458,user_ifm_9,C,g++,Partial solution,10,2
755,192.168.0.3,462,user_ifm_13,H,g++,Partial solution,5,1
756,192.168.0.253,458,user_ifm_9,C,g++,Partial solution,20,4
757,192.168.0.250,455,user_ifm_6,E,g++,Partial solution,40,2
758,192.168.0.253,461,user_ifm_12,G,g++,Partial solution,5,1
759,192.168.0.253,466,user_ifm_17,E,g++,Partial solution,40,2
760,192.168.0.253,458,user_ifm_9,C,g++,Partial solution,20,4
761,192.168.0.253,461,user_ifm_12,C,g++,Partial solution,0,0
762,192.168.0.253,461,user_ifm_12,C,g++,Partial solution,10,2
763,192.168.0.253,459,user_ifm_10,F,g++,OK,100,20
764,192.168.0.253,461,user_ifm_12,C,g++,Partial solution,10,2
765,192.168.0.253,461,user_ifm_12,C,g++,Partial solution,5,1
766,192.168.0.191,465,user_ifm_16,C,g++,Partial solution,15,3
767,192.168.0.253,480,user_ifm_31,D,pypy3,Partial solution,0,0
768,192.168.0.253,461,user_ifm_12,C,g++,Partial solution,5,1
769,192.168.0.191,465,user_ifm_16,C,g++,Partial solution,25,5
770,192.168.0.253,461,user_ifm_12,C,g++,Partial solution,10,2
